# ARVES freeze manifest — sha256 of every frozen source file (runtime/ + standard/, excluding build artifacts).
# Rolling baseline: regenerate (`update`) ONLY as part of a sanctioned RCR/CCP. `check` fails on any other drift.
corpus/ARVES_00_Amendments_CCP_Batch_1_v1.docx	79b13e153668e036208f148e02d081a794e97b6e7dd0863707d24ab618a38b20
corpus/ARVES_00_Architecture_Readiness_Review_v1.docx	30963f748cf0f4b8e45e0f8083e8ac2036d6686f7ff4aca92b9eaa12e31ace21
corpus/ARVES_00_Baseline_v1.docx	77d9a6c24d8fdbbfc31e8acd0ea37451f7b4aa261555a19b2ab5e4b6c66f9710
corpus/ARVES_00_Documentation_Index_v1.docx	38ae56002116018ac7f72e7a0b0e41eb29ab32c5eacbf03cf54975996997d585
corpus/ARVES_00_Documentation_Index_v2.1.docx	f681a66645d6d329e265f843bf255ec2d8e657520376dd320e37c56b73bfae21
corpus/ARVES_00_Documentation_Index_v2.2.docx	95072f2cea4134fc2584e7f6441b37433080b17a791575abda1ec0da8804ca75
corpus/ARVES_00_Documentation_Index_v2.docx	a847579e6a8ab044147d0aab083fa88d3e27304327791c336e477ecaaba56229
corpus/ARVES_00_Gap_Analysis_v1.docx	a83c90f46d8be1b7061e6d238a901b6ddfe3d58da7bc9d0a5bcdb49c5453b2b0
corpus/ARVES_00_Invariant_Registry_v1.docx	48ca291f9b5b035223ff376be034fe00a588ca317971e01511b2985d8f5d6131
corpus/ARVES_00_Specification_Freeze_Record_v1.docx	0f726d0be6f32798148e8847ed7ac64bd433d4497b287a9e63e50023bc8535a4
corpus/ARVES_19_Canonical_Ontology_v1.docx	d79800fbe956367a53e36101d2d3b639263d38dd90d1b62dad84ad45e37552dc
corpus/ARVES_20_Service_Catalog_v1.docx	f1534943fae5e997d1d57afc9594df0db8dcb3285c562633d7c80f7ce036be5c
corpus/ARVES_21_Event_Catalog_v1.docx	56279e66ed9475fae5ab87fca04869fbe49d44e7a77cd0af80555f0368bcafb3
corpus/ARVES_22_Data_Catalog_v1.docx	73d585c7eaec6dfadd18137bd94d13281452dfe102042dcff9db4b084c37769a
corpus/ARVES_23_Agent_Catalog_v1.docx	3d4f72b7b7cbdc2b6bc6669bef16764bcad91c62c2ff2658f946a5c655238a7d
corpus/ARVES_24_API_Catalog_v1.docx	12fe17a0932650e63d50c410fb10fe434053235aa398219caca545a153c651a9
corpus/ARVES_26_Master_Backlog_v1.docx	2632793fd0af2598f18c153f468b1c216f7a89380650ea3068bdf929cdfee14d
corpus/ARVES_AEOS_Master_Index_v1.docx	2c478706cd7279ff3bb61e9c526b5b5dc91d7c0dbc78a2854b68d30f56b76728
corpus/ARVES_Engine_Graph_Specification_v1.docx	9ae4331995515e29f92a0671b15702769f5e92d3e50af07e78e3ed9c5adcdc06
corpus/ARVES_Engineering_Handbook_v1.docx	a48afc318471064d8744f60ec2ac07cf69637d8a2a1924ed8649ab0984c8b6e1
corpus/ARVES_IDR_Batch_1_Kernel_Distribution_v1.docx	653cbf9fbe78006492a2886e11ec08f5012d480f8f1bee5579a7df62f775e8a2
corpus/ARVES_Master_Blueprint_v2.docx	e43d72f747cbc99b09f8bc60686b1752045e2f339178b74ab4de099e5602d938
corpus/ARVES_OS_Volume_1_Engineering_Constitution_v1.docx	a3e3b752cf94ff0f33bab87b7aa80f6ddf5ba0d2bf5c4d45ee103505ecc1ee18
corpus/ARVES_OS_Volume_2_UltraCode_Workflow_v1.docx	0b554734a52fecf342be82f6a768b878c47ff48ccbdb3a2100c48291e582916b
corpus/ARVES_OS_Volume_3_Engineering_Playbook_v1.docx	0e34c49d10782b0124f6cb04309aaa20017e51428f4bd0ec5dd1912450579f9d
corpus/ARVES_OS_Volume_4_Implementation_Playbook_v1.docx	7250333a3351bd2d06e5b9024d90ebb633d3576f2f729a59082e52d3b2e9d282
corpus/ARVES_OS_Volume_5_Distributed_Systems_Playbook_v1.docx	37ad950e7f91e5f9fb3aad58183a00d96967cc1ebbc7e19e26205ee5b8d6a79c
corpus/ARVES_OS_Volume_6_Certification_Review_Manual_v1.docx	12ea63bbb0114892dba1e5a074c876ed62e26cd5572fda8fbd98ae26a3b7b5c6
corpus/ARVES_Reference_Lifecycle_v1.docx	cb9a276dbeec3e702ba3028c9f676871e264a6ccba05748f53cce36b618f8ac0
corpus/ARVES_Scenario_Conformance_Framework_v1.docx	8630b0702533889553a392b56089739d79968a3f704f82b0831f7d87d040ad2b
corpus/ARVES_Universal_Cognitive_Ontology_Specification_v1.docx	4512a3b5aadf31713fcbd20f774c69732bee66f69dae92fae9b030e999cf4367
corpus/ARVES_Volume_10_Engineering_Bible_v1.docx	3110b32fc0fd1d774367491bf38d7d7638acea92b19905d7e7536720d28b0a7a
corpus/ARVES_Volume_11_Capability_Atlas_v1.docx	3f13e0eb58e6260c72cf57bee06ee6e1496f62edee896bab7d8a6883f5b8ab98
corpus/ARVES_Volume_12_Domain_Atlas_v1.docx	7e503c605d44deb90426e10ae88e2e047c10139e81ccad3fb1fc51092cc80f1b
corpus/ARVES_Volume_13_Ontology_Knowledge_Atlas_v1.docx	4da8d50dddf2750dca00b9d387d95de4870f40a515d16b9bb1a67bb9f9d9268a
corpus/ARVES_Volume_14_Agent_Architecture_Atlas_v1.docx	237bd464f1f48e693a6c4b9a8be5794f9655207d0dfaa0fab7c6a381de9d8121
corpus/ARVES_Volume_15_Product_UX_Atlas_v1.docx	601a573ba29726c99bc541c2a300f16997986810669854151b5f0407c567f326
corpus/ARVES_Volume_16_Reference_Architecture_Atlas_v1.docx	e7116b1847279daefce42a12038a2ace60a95710a64dbdaacc22bcad4d633485
corpus/ARVES_Volume_17_Security_Governance_Atlas_v1.docx	f622f77cfa4e31c316709ba9a91e2cac05c0b527fc21bc957f8ddeab0d440700
corpus/ARVES_Volume_18_Deployment_Operations_Atlas_v1.docx	ea722526117234d7415ecc0ee92bb92874bb2d2d371df4692f91d81c47e04fbc
corpus/ARVES_Volume_1_Foundation_Constitution_v2.docx	b68006a7e56ad5c8b22d168b82f7ebafeefc196bbe1676c2a772f2e451635820
corpus/ARVES_Volume_2_Tenant_Identity_Constitution_v2.docx	f6945c2d91dbb31466f5e3846e86d8fc56f294b305ba16c0d934d30398019720
corpus/ARVES_Volume_3_Information_Core_Bible_v1.docx	2c7f552d45476444311280109a4a2b79c65fd14eed2f364924877ec46842352f
corpus/ARVES_Volume_4_Cognitive_Core_Bible_v1.docx	ac4fb95a0ca8b2d742a874da653dd145a0e41e2c74f484df02d58821b3014f63
corpus/ARVES_Volume_5_Strategic_Core_Bible_v1.docx	da0cb3e7c19011235c7cd2502b2cb2ccbf02ab9ec2acffa1f757903dd20b00b0
corpus/ARVES_Volume_6_Experience_Core_Bible_v1.docx	c1f238de829a6ca3d2255b9189703af1a93e6ee07845026645d49f9a2c708504
corpus/ARVES_Volume_7_Evolution_Core_Bible_v1.docx	3e5550b4c841d512c61e26402cc8477acf80eaad742de85ec34d95b385ac8867
corpus/ARVES_Volume_8_Embodied_Core_Bible_v1.docx	80ed582acd66de27e31a9ddd501e06ff1fc87285b00d685452d6bc5f295214a0
corpus/ARVES_Volume_9_Cognitive_Control_Plane_v2.docx	b10a0810f618be16abfc93dee4a00ec819889aff17bfae06bb29632fea585cb4
corpus/ARVES_Volume_9_Runtime_Event_Fabric_Bible_v1.docx	8c303e774fc5f195b120d17e2e7157c7ddb9e02b249f735812921286c7ed729e
corpus/README.md	39a43157398182a69cc63db4f677131f702293175c4bb5e9416fa941c342b1ee
runtime/.gitignore	7eb2c40175d8f3955ea6cea40b513696fd93e76566dfeeed386664364f68383e
runtime/Cargo.lock	7113170e7b9491ad8bd2ff346fbd5e3ceb3de9ca725f9e77a7e7e8c5633e3781
runtime/Cargo.toml	953ae55e48ca5689e01d7372437e6054c120bf4e35d68bda7d832d10bebc2e95
runtime/README.md	38617572899eba954469e4ef130dae06a99c3f92aa8bb033477f6e7a344a8d7d
runtime/RUNTIME_FREEZE_v1.0.md	c04197c231d72612b8502aaf6f7ca4b771a3d944b60f6984472be8bd456bf6f2
runtime/crates/arves-acs/Cargo.toml	de74c0ba8df90dd9b6c8422dc2e3360faad2d4468883387f10a21edaa6fc421c
runtime/crates/arves-acs/src/cbor.rs	f78665e5b379ef733a9e6f0295078779bde3047292e644e494566bd0c50fb63e
runtime/crates/arves-acs/src/lib.rs	b742b7b1827fd669cf60cbfed1c670638b99f1d646192d719d68f044750716ce
runtime/crates/arves-acs/tests/acs_platform.rs	784acb064a673bbc5e793a799850e6dd2f6fee69c97317e22a8165217163a3ac
runtime/crates/arves-bridge/Cargo.toml	da1eba7d47aafd4fcc090a97fa9dcf83f19ceee16a32da972abfee3a51d0e9b3
runtime/crates/arves-bridge/src/bin/arves-bridge.rs	6b7855f30fda220c8017c21ec37e97be347cc2ecb8494e416363d4801dd573a3
runtime/crates/arves-bridge/src/lib.rs	7036807e214870302f66dbaa4d73576019750bfbd65c7178884041f8a60f2222
runtime/crates/arves-capability-fabric/Cargo.toml	e740423cf803eb5fafef4245891af65596885745cce392c9ecbe206740d68061
runtime/crates/arves-capability-fabric/src/lib.rs	30b9424b52690cdd1a65f85ec832478e6179e90629fb35ca4dab84060a83db80
runtime/crates/arves-conformance/Cargo.toml	f573a1ba4ceea24600242e5f464310d466c0989a40f12f5c523fe4cd9739a10f
runtime/crates/arves-conformance/src/acs.rs	48b42cd5540f93d310848333c1ac1c1b19bbfcc7893a88730b63e41bee9b1efd
runtime/crates/arves-conformance/src/bin/acs_decode.rs	8a3ba554eec516f4a94e4c5eb3c492184dff7cf141dfc12bc113d62df910f134
runtime/crates/arves-conformance/src/bin/acs_negative_vectors.rs	c15fe7644a95859c37be9294197c3c953d7246dc0cebf0fa64add951477a7c10
runtime/crates/arves-conformance/src/bin/acs_validate.rs	969cbd7835db9356d366fe5517c1b4ac902b0b1c506ea294f479d7e7f14b00ae
runtime/crates/arves-conformance/src/bin/acs_vectors.rs	f606844f1f7cd582033430b1c5d9c35933c4dcaafc9150ea5c1a32bd32e48c04
runtime/crates/arves-conformance/src/bin/conformance.rs	ecb2c7ecff368e1d795d495012aa8c223a215581ebdaac2965165d2b3e7a7e27
runtime/crates/arves-conformance/src/bin/conformance_live.rs	d4142ad1897ec6a49bc04fc19f5747a2e42a589611b7df5526fc564f04663175
runtime/crates/arves-conformance/src/lib.rs	2df636a219406eb0e755ec9943cb25e43db4f8a9d43a26e5c1c2b3e52d1a0b39
runtime/crates/arves-conformance/src/live.rs	34d2aef69b5e1a8b65dbcb4bfdc96621709db342c0fc921110a98132ae7dad96
runtime/crates/arves-conformance/src/property_check.rs	a255fd5a6aa2ad7ed1709777aa2c6b11c25d7949d9567370f02920273ac54b89
runtime/crates/arves-conformance/src/semantic.rs	141e01c6f0d16bfe1a5e9768a2290df5f1a3980cdc269cd901a1d794f62d9e21
runtime/crates/arves-conformance/tests/architecture_gate.rs	e24edbb10ff734dd03a61e1e66a0fdfaf469b36f1fbbd45acdf15b8574cf4f68
runtime/crates/arves-consensus/Cargo.toml	6d109e42630aa8b2b3e9b191033dbdd1b7a19f85663e0c4732958738bcbed7a6
runtime/crates/arves-consensus/src/lib.rs	b23dda74fcd9fb398538c25a8036a550a6f3bedbca6495f4563536230b8fc7c7
runtime/crates/arves-control-plane/Cargo.toml	4bcf2eee3631f326e89f5a0e50f20bbaff95a30b14672ff1935f11272e677621
runtime/crates/arves-control-plane/src/lib.rs	0f55385497e71db75f68b5b052bd6361d30f4d97a5fd312dfed0fda40719689b
runtime/crates/arves-engine-fabric/Cargo.toml	1f61c872f814d54cdd14ad60bb0c1d0c6949e03d46fe0b347582604fd4f9dff9
runtime/crates/arves-engine-fabric/src/lib.rs	0d25392bea155f0f99e696a8600977abb1c34d90c9fc5ad7f1f5d8b3efbb730b
runtime/crates/arves-execution/Cargo.toml	1fc7902c3f9e308a50ea82f41d19e5045d324b1616417cba21b2f20404c09b4b
runtime/crates/arves-execution/src/lib.rs	50541249b51d8f4a58be0e18cbaddb25fdb9653ced158fa2ff5640b4ea485926
runtime/crates/arves-information-platform/Cargo.toml	089c22990c47ec8fc62321e49c54bb2ce3ce95ca3e38a140ce96abf1750f6ffd
runtime/crates/arves-information-platform/src/lib.rs	e92470c2a311205fa6a303b1782f67ba7025d388a8e89c3fbd6c03ff96ff2b35
runtime/crates/arves-invariants/Cargo.toml	565de567ad3253f5c511c1b64a75a392bd32ecaa5f037ea96b04c491409dbe24
runtime/crates/arves-invariants/src/lib.rs	9c697db0574bb3076f09a61e8bd8906cfe04a2329f02f0841a530dbce0c46afe
runtime/crates/arves-kernel/Cargo.toml	c966002ef09177e8f2ca4d3dd443fbe58922f5fd029d8d1297852ff478f11ef2
runtime/crates/arves-kernel/src/lib.rs	74774d35d70ada0524ac183cb725523fa1db289f1518ea4894ae347a682ca427
runtime/crates/arves-kernel/tests/checkpoint.rs	681904982b93e3a72f60259ec497a8ea503f36c95b09a7c81ab286db7e0ac47e
runtime/crates/arves-kernel/tests/persistent_wal.rs	dfca92996238d1577deefd48989394fad029054ae438c3c536b0c077b0a1be00
runtime/crates/arves-kernel/tests/recovery.rs	ef666e118220dfb55cfce5e7e4e31a76298e8716a6a81fccc615074e88308255
runtime/crates/arves-kernel/tests/walking_skeleton.rs	943a84b9e2d02ced69cba94f9e1eed68f5cd2327b891c6bc3dcefa045a7b08a1
runtime/crates/arves-lcw/Cargo.toml	4e5ef6cc9aa8273971e638326ddb7482991ca185af9dbe83915c272df4b4e991
runtime/crates/arves-lcw/src/lib.rs	8a9c90599ef72faf9b4576e486853b07841506fd31df4110d584ff731c9a2046
runtime/crates/arves-ontology/Cargo.toml	878697448a3ac680116edf57b5be7734cad3b8daa5576292a3d98172a798b14d
runtime/crates/arves-ontology/src/lib.rs	7f4636ff155fecba30de711b18b4c3ff2bd85c880d0dfa4588bdd8d9357d36f6
runtime/crates/arves-persistence/Cargo.toml	1def5a4bdd1b8206ff31ba8d6fa2a00734db41b99d08076719443636cd6723f5
runtime/crates/arves-persistence/src/lib.rs	a55857b85f6c723dab5d6f23702154a465591855103f10ac0cc0dbebd2a81121
runtime/crates/arves-persistence/tests/checkpoint.rs	23d4d266635ba2e2e67892937cc19ec6f56b1f62683e620cd08b2e8cf75081f3
runtime/crates/arves-persistence/tests/file_wal.rs	bb66942da2a6a773168969d3eb9f45821e128a76396f0e06984c08003216fb3f
runtime/crates/arves-persistence/tests/recovery.rs	03163f85640bda04dc4bab579e8094e31bcf46ab0a450f19a9b2783afbacdbea
runtime/crates/arves-query/Cargo.toml	1e5deb0eb777f1a246761cb26899356b57d8ecb3ccc46e7dd63c56e7fedb5b1c
runtime/crates/arves-query/src/lib.rs	377e5859ded948c03d3e317fbd6678cb2a2221d938454e3f8f361dcc9562d1af
runtime/crates/arves-runtime/Cargo.toml	3997d50c55453286d0e2752a8232063538c99da9cdbfbec50b0ca21709233b2a
runtime/crates/arves-runtime/src/main.rs	c8658ae674e4f9a16fad0e28fa209cb1fd0a8fcbe6e9e1f030ff9ed1cc734b03
runtime/crates/arves-runtime/tests/real_restart.rs	1a63c96e22e9bd8380156ea2f6297e4e24acfda0e6125a9503df9c81353404be
runtime/docs/ARVES_Master_Roadmap.md	3c45be845b1460a153b78a5af9c7391c342646129f919aafd584d92636830be6
runtime/docs/ENGINEERING_DOCTRINE.md	0aa8f2d3bea6cc021d24cc30ca399f26bdc05e71a52749ca6ff2d93b999bcbf2
runtime/docs/I1.5_Persistent_WAL_Design.md	54d0589d1fde6b0b07a8ef63dfda4e995b96d015addf87eac8cdcbd7415cdd53
runtime/docs/I1.6_Checkpoint_Semantics_Design.md	c524e689bcc013697ff8d6b62c755204d75b811262dd0b37f28d63bc25145ac0
runtime/docs/I1.7_Recovery_Design.md	23e04d7d54ff987688a8abfcedaf743c906911f8ff81357cbbe26e2dc442cd84
runtime/docs/I1_Engineering_Design.md	07cffd7273c53f3067daee25f955c00493cc6069161db867cda4befc4bb5b99a
runtime/docs/I1_Retrospective.md	d6bfd50dbe0d917a1180c1c0bd5ce5e5bb1b5e22e0c9809174ed04283d4d80f0
runtime/docs/I2.0_Engineering_Design.md	bc49007a194e700f9bb01ab5c9484f3f40038c0d903c7e992dcd1f0994fb9aa3
runtime/docs/IMPLEMENTATION_PROGRESS.md	eb52e5618caadf88dd5e8330a2f9610792a90bf016beabc58faa023798972e2c
runtime/docs/RT-001_Reference_Runtime_Interface_Evolution.md	89cb5c5609250b4b99b4800c419ec2472da275dd31ce959341670407b5a73673
runtime/docs/organization/ARVES_Engineering_Organization.md	baa9bc9f7e3400ae3333e15cb341c69be79bf2a1de31f35538ef7c57c39c9f05
runtime/docs/organization/PMO_Backlog_001.md	dd74b4ee3ab6b9f384e54fed95baf5f6d128646af7bcea00db00b814b04b606a
runtime/docs/organization/PMO_Backlog_002.md	7307900cc8c0d98682e6dd44f5f06b217791facd093271c380f066adcb35c434
runtime/docs/reviews/00_ARVES_v2_Global_Readiness_Report.md	eae573859b4f83f942cce223135764df991b86c26ff9d2fc2fc79db91f8203b8
runtime/docs/reviews/P01_independent-runtime-challenge.md	0c01f02057fe4f5742c4e97c8e682c23fefec782271f3857c52dc150f392980a
runtime/docs/reviews/P02_academic-review.md	698ef84219743fd042b6efe056db22f229cf4dae0a18c3d059ded6e3581204f2
runtime/docs/reviews/P03_iso-readiness.md	0a4f698e733679a5a272814e50696a2c9a5d45fa47978b74d6e87d117be2e528
runtime/docs/reviews/P04_independent-implementation-design.md	09b8f1e4175dd180adaf5ab2717cb47a93016c5a08f3ad828ebe0405858eef36
runtime/docs/reviews/P05_formal-verification.md	26802cebc8dddd357a6fb3866c337e5f5bfa0ba347c91203d22e44daeddbcce5
runtime/docs/reviews/P06_scalability.md	6f51b81b31c845b2d2975f508b119b3f242d79b0fca0b80d94beedf4df51a0fb
runtime/docs/reviews/P07_security-zero-trust.md	67c8f622091b3303b977410d1fac575ac5210bdf4615b07a5097b2fdfec3f39f
runtime/docs/reviews/P08_failure-engineering.md	74aa53b6bd578575b4285e6c1e336e62ff97ac0dc305bc5f6ce02b4c0e4aeda5
runtime/docs/reviews/P09_ecosystem.md	699e1f248e450788e19694c786d54266f09a5cdc79e253430d7a1a7bf47270b7
runtime/docs/reviews/P10_product-strategy.md	09ba5dc19e52ea0ac29ec289d39488d325b4bec0bd44b2034ea672e7cabd7ea7
runtime/docs/reviews/P11_reference-implementation-audit.md	f5e39f5cb27df6095bd0c1de1863a1317bca334e42ff32a8d569cb004f11650e
runtime/docs/reviews/P12_twenty-year-review.md	97ac89742e1bea4da112234b6c79977be5352ac58794defdca8b31895e05739a
runtime/docs/standards/ARVES_v1.1_Standardization_Program.md	11f0b60b797421adb73ee717796f07a37a8388a8542fd5c20126dfaa16862933
runtime/rcr/RCR-001.md	5be8a7c490e4f9fc6e3ac1cc3602cc3d2d8c9fc6e9da35730116d88745ca9184
runtime/rcr/RCR-002.md	2d997c64c2f3f6b9f77c8c07eef815b1e0dc8285a9e7734674ecc3a2f4c42d5c
runtime/rcr/RCR-003.md	a05d3f7bb0834243bad006804c8c5e13386eb7c7c5e8f9fb276c632e487dfe3c
runtime/rcr/RCR-004.md	b8b46b5e27cb6a7a79603d3a91a30b60e4e43a2b178cd33ef74964c2a4753ec2
runtime/rcr/RCR-004b.md	75f3728e07732a312033d21de0c60070bf86cbf456bdf39ae81b59d3a0d2af9b
runtime/rcr/RCR-005.md	cd278302e32ce05c7904d50ffad3108c946ba61dc4ac726cb6cc899d554ab3a9
runtime/rcr/RCR-006.md	73f8de7119b317a5c620e54eb7222e73f1a63e745027e174dbbc55b70a6fe32d
runtime/rcr/RCR-007.md	03ad277cc3dbad5299f5103f58ec6952bd63f22d8b175ade1faab481467679cc
runtime/rcr/RCR-008.md	16f940ae14af5927bed876704e0a5a721e8fd9ffe57a54fe824c0991d837a886
runtime/rcr/RCR-009.md	96fdafa3a58b253b762389e557092d1239a3702ce6347e79fd68010eb616b3c9
runtime/rcr/RCR-010.md	bb0c7a11bb7c641864de569804cb8b07413f4c80afd527e30c97d0911ccec321
runtime/rcr/RCR-011.md	0af9e13bea96b527decb0599185e6840f71e46d22914ee8366119addfb088bf3
runtime/rcr/RCR-012.md	65206a6cb4fa044d74b43b9c197dc81aa7bf51a2342bdeebde57aeb152805c9f
runtime/rcr/RCR-013.md	661684b76b5c59d962c6d2b672d8ff9de193c8a20b49bc97219f6c6aa00228f4
runtime/review-input/ARVES_00_Amendments_CCP_Batch_1_v1.txt	d9663d31243eca2d8a653bebbb137a15c2131d966b5608ea146b5e38660c9b14
runtime/review-input/ARVES_00_Architecture_Readiness_Review_v1.txt	d483d6934733cd00216ca625e1da34cf354886f40778850d67d54ad2cac73d8d
runtime/review-input/ARVES_00_Baseline_v1.txt	b93f8e734e7aadd1edc47289c7d135a750e4e611cdcc1ae966cec440120ccac4
runtime/review-input/ARVES_00_Documentation_Index_v1.txt	94a011c1ec7ecdaadf2284bd1dbb7fafe46b8939db30cd5dbdc35b730cb0276c
runtime/review-input/ARVES_00_Documentation_Index_v2.1.txt	54499aaf0e411efc40cbe583d7ffb54daa2d7cf8d8323f8428ae11860d68a320
runtime/review-input/ARVES_00_Documentation_Index_v2.2.txt	b158fcbd340791c6c691e4ba2e23c069a907fbba0ddc726ec25bcf4536d4185c
runtime/review-input/ARVES_00_Documentation_Index_v2.txt	fea0e6b44553cd1d3f65dd3a13fc0439f0452d04ace20775fcd7f6490c9e7136
runtime/review-input/ARVES_00_Gap_Analysis_v1.txt	96b4661ae295a68ad5526bc43b5acdb57fa715fbbfdd1184f7fc12c5a0435561
runtime/review-input/ARVES_00_Invariant_Registry_v1.txt	0e1c0c037dc2978937a6436bc624aa5e22202b5636ea3164e658da391793e80c
runtime/review-input/ARVES_00_Specification_Freeze_Record_v1.txt	457e80b72a50d9d08249e2bf654c36f60c9bebc23b3b91305a17d499bbdeb7bd
runtime/review-input/ARVES_19_Canonical_Ontology_v1.txt	38129b46cd80ed75722fc1e5f4cd55cb6cb1dd1fdf27eec1671cce4dfaacde44
runtime/review-input/ARVES_20_Service_Catalog_v1.txt	87a99ab3c253724bde7525b20792186b98e8e4eae250e1299d9188a532b7e301
runtime/review-input/ARVES_21_Event_Catalog_v1.txt	62a9136e8ca5d6ad3e766dc2bc704b0aed9e1436fb816bbe77836a10da4de75c
runtime/review-input/ARVES_22_Data_Catalog_v1.txt	4cc6b9c0ea33965cbe18c939f1be3c8e1fb5a2c27b84ef6846d2f04e9b630595
runtime/review-input/ARVES_23_Agent_Catalog_v1.txt	5cca164d24ad22a62b4551addbbde172dfdf9db8031c48a3f2b1d8b1fc942fb9
runtime/review-input/ARVES_24_API_Catalog_v1.txt	580f689be8449cbc8b25da1a13918fdf70cac0b6ac230fd20531e87c3d526600
runtime/review-input/ARVES_26_Master_Backlog_v1.txt	382086975217f55f575dde22f135ac81c269bdfeeca678cc4b0ea0e2e3ead3d1
runtime/review-input/ARVES_AEOS_Master_Index_v1.txt	0104f17165f94900d69f48a95e263db744daed38acdb79ab619f1691e33ac64b
runtime/review-input/ARVES_Engine_Graph_Specification_v1.txt	bca3ae86c3b3210aa72ff207bd8d7ec98bfa0a8fefb5cdcddeefc1f6b6b3f47f
runtime/review-input/ARVES_Engineering_Handbook_v1.txt	c626f75b741b46f0235a4b6b7c7b6ca3cdf75320d5a3432eaf476f798b021eaa
runtime/review-input/ARVES_IDR_Batch_1_Kernel_Distribution_v1.txt	6bff1d1e8d8adb1308d9fa5417c5034f6ab3b3a97cee7bd10688903a5a71b8ff
runtime/review-input/ARVES_Master_Blueprint_v2.txt	df539d0ee1f818dc1ece4aa9aa322fba43acb6fe71bdfc9e652be7d1725292f4
runtime/review-input/ARVES_OS_Volume_1_Engineering_Constitution_v1.txt	b3549fe8c8679d965a541d2bafe4c71ebc8146eaec3df434757bd6321b532717
runtime/review-input/ARVES_OS_Volume_2_UltraCode_Workflow_v1.txt	6153d94b90962c72b8be6b8ceae317dbc77447fa7d751946e1473b2a7419f606
runtime/review-input/ARVES_OS_Volume_3_Engineering_Playbook_v1.txt	c7010c04511eb47b27bcf7310ebba42e87bc4223c14064412a6b985424e43724
runtime/review-input/ARVES_OS_Volume_4_Implementation_Playbook_v1.txt	bb7c910854c4f758b806cdc713de6bedc353fe5f73d257fdacca98c0d8f41d28
runtime/review-input/ARVES_OS_Volume_5_Distributed_Systems_Playbook_v1.txt	1d9fdfc9e914b709ab6814fc428e05bcd79a91edfac4b6068867c0cb5a59f072
runtime/review-input/ARVES_OS_Volume_6_Certification_Review_Manual_v1.txt	2f13135877d1ddd11beed421ac90233a31dceaa98f39c22c772e7e467e83cc51
runtime/review-input/ARVES_Reference_Lifecycle_v1.txt	8a02ced029e533e90bf99fee99616c73f9a2b7a901767aba8f68f3d972af8b09
runtime/review-input/ARVES_Scenario_Conformance_Framework_v1.txt	b59d3bfad3c562522445a477197d5a84b1d2fe5ec45ec820cbfc5a803151a9ac
runtime/review-input/ARVES_Universal_Cognitive_Ontology_Specification_v1.txt	8806e37b634311a7ed35aa0f033df05382c074624b50e07ceb4a34846ce882d4
runtime/review-input/ARVES_Volume_10_Engineering_Bible_v1.txt	37a8892b8729122e70e443f800d7b5d5242461f7a1fa97dc3b92001c6343d521
runtime/review-input/ARVES_Volume_11_Capability_Atlas_v1.txt	c431d1b173a9a186d35de4eed392dc7f4ab635994317c2495692f092bf864b66
runtime/review-input/ARVES_Volume_12_Domain_Atlas_v1.txt	db2264a5c464c3afb1b3d1e1fe5927d1eff30de58a3543db91f5f8ff59f7dbdf
runtime/review-input/ARVES_Volume_13_Ontology_Knowledge_Atlas_v1.txt	4a5e824d06d5c50383e802725683a0c9eeaba980a96818bfaa47b62b53756399
runtime/review-input/ARVES_Volume_14_Agent_Architecture_Atlas_v1.txt	29ebc6ae2904df084b0b3e9d64e8fb8fce367ae82f6b3d4034ae59dddd232ac4
runtime/review-input/ARVES_Volume_15_Product_UX_Atlas_v1.txt	55fa92e8ea265b80db062af4882a7ab10dd0fa3b15021391cf82af14bed3cf2a
runtime/review-input/ARVES_Volume_16_Reference_Architecture_Atlas_v1.txt	8efe7d56f457837a6d0a1e618eddf203f1ae9b108386f18f63138ce72f656d1c
runtime/review-input/ARVES_Volume_17_Security_Governance_Atlas_v1.txt	911879df5762900ee60e4ec785428b4aac8d8c012a9c10b1b4549b3976c72ef3
runtime/review-input/ARVES_Volume_18_Deployment_Operations_Atlas_v1.txt	aa639df8fc7fbe2a10173ebef6266e3e95ed4c47bec451fa5bf065f88b093535
runtime/review-input/ARVES_Volume_1_Foundation_Constitution_v2.txt	858c8714427dbcb3695dac9613d375cc01ee678b770a1d95804aaecd0cf7ca4f
runtime/review-input/ARVES_Volume_2_Tenant_Identity_Constitution_v2.txt	137f331320e64c10ecf338e4feb7ef64b3c1af6916e7db42277947e7e6d5f1ba
runtime/review-input/ARVES_Volume_3_Information_Core_Bible_v1.txt	7732619758297cb470e98453b408e7fbe3b115cae140c75f4cc0a872ed5990e8
runtime/review-input/ARVES_Volume_4_Cognitive_Core_Bible_v1.txt	e42e7b6093afbcecfbdd6b7886f23502b221c47ec8edc6e377fe9f22b9f14d32
runtime/review-input/ARVES_Volume_5_Strategic_Core_Bible_v1.txt	1583f64f7add41eb59715bbe53c711eac24df23e6820fd4f972bc66ce5575b4a
runtime/review-input/ARVES_Volume_6_Experience_Core_Bible_v1.txt	1585046805adf01bfd955abbf1a3b399417df8b4c8dfbb5410fe0e792784259e
runtime/review-input/ARVES_Volume_7_Evolution_Core_Bible_v1.txt	e3046f9a37980f01d90d2d27a5d0c6907ea78ad39d1c8b6017837a350f19a17c
runtime/review-input/ARVES_Volume_8_Embodied_Core_Bible_v1.txt	c4ed3cc1c92183e95cd58d82bd4bfe329de22c434af1ad3567eedf5736180ec1
runtime/review-input/ARVES_Volume_9_Cognitive_Control_Plane_v2.txt	d0484632d67de5014a8bc52ea0f46927c961c6feb4ec8b19aa7286c06c28dffe
runtime/review-input/ARVES_Volume_9_Runtime_Event_Fabric_Bible_v1.txt	34abb480cc5ead3ba08fc43b8e1a2c7e475d80498fc3bf020980673982c5cb70
spec-markdown/ARVES_00_Amendments_CCP_Batch_1_v1.md	1cdd5785dc9ed236c0c320349016244141d25eddca9460347adc0a685a8ba0a4
spec-markdown/ARVES_00_Architecture_Readiness_Review_v1.md	2240e65ee432035948dd25a2f9962fa0db995c27c7c8e700a76bb27ac23a10e3
spec-markdown/ARVES_00_Baseline_v1.md	4785c23afd42f3f773c1db40dadd7ee112c765f2d766dfe13e45e0c2f6b1c75c
spec-markdown/ARVES_00_Documentation_Index_v1.md	ababb2a844e49b62f44c609dd51a987c305b61ca5621e9c67d99ebe45edf5581
spec-markdown/ARVES_00_Documentation_Index_v2.1.md	18ef39066405db92768e8955da4b5e8f4886d16891dfc91654da3a678962764e
spec-markdown/ARVES_00_Documentation_Index_v2.2.md	04f8ebe355e5e3a793262f71d0aa2e3fa92d5779af4fcfc43759c4e2432e6aa0
spec-markdown/ARVES_00_Documentation_Index_v2.md	e6cf09d7b9e3e6e836b88a872fd0cc04ad0b713fded3eb426ec8df0ecba0a17e
spec-markdown/ARVES_00_Gap_Analysis_v1.md	70a4814c90f9f9223c4b4dac3b6ddd82828501ef71be6a5184685c4a0f140a8c
spec-markdown/ARVES_00_Invariant_Registry_v1.md	f2920e9e33568428a301396318210e86e38622400af94f707d42280c88031c58
spec-markdown/ARVES_00_Specification_Freeze_Record_v1.md	93d84bea4c5e9dcd1b274ea0c47544b04fb9cc81ed83090e1a7eeb1426fc6a19
spec-markdown/ARVES_19_Canonical_Ontology_v1.md	49d9fd9cbd36eb334c2c8c4f71e808cde3aef0733cb31f4f220d62b7506d3360
spec-markdown/ARVES_20_Service_Catalog_v1.md	8713ec616c1fac84b481d755b8cb5821aeb68fdf0f732b77b8e941fd53fa5c5c
spec-markdown/ARVES_21_Event_Catalog_v1.md	1cfce866e81040c12daf76db7ae7e859ae920c76de1bdfc351d29415be55eb4d
spec-markdown/ARVES_22_Data_Catalog_v1.md	7a89ceeddefc48b28b42e3ef0bf7fbb325df7430d4ee31f82ecf9a4fd456bcde
spec-markdown/ARVES_23_Agent_Catalog_v1.md	30022f9d52cfa067d08027dbd9bf11bb854bb603920e302482a6b4328c444b1a
spec-markdown/ARVES_24_API_Catalog_v1.md	807055baee4cf902ecf402d08750c075c7ba4685515ac3d861af65db7df145f0
spec-markdown/ARVES_26_Master_Backlog_v1.md	21d8c79140d44133467138bb21aed0fbd487a531a54871774505fae6ea649f0c
spec-markdown/ARVES_AEOS_Master_Index_v1.md	791fe7770a34e35fd6e70fab6b7a7a87da55d6ae6bb956e83f28d7a7ff8d0660
spec-markdown/ARVES_Engine_Graph_Specification_v1.md	f65e5b3bed162727ac0237e4d962459951388c399c5bf9b7650654270b0c6f93
spec-markdown/ARVES_Engineering_Handbook_v1.md	7c1d6fb64eba9806641c6c6508490cd52c5bf9645dbaba91038f2640c9f7ebdb
spec-markdown/ARVES_IDR_Batch_1_Kernel_Distribution_v1.md	47cd98b9aa5eb0c5cbe7eb65705fa60c8cadba2db1b0a6aa53a9cc3d57fc401f
spec-markdown/ARVES_Master_Blueprint_v2.md	5c21bccf06d5cd4e66bce89d5783bbc4086712fe9a68d46d8532f243d0a49035
spec-markdown/ARVES_OS_Volume_1_Engineering_Constitution_v1.md	fd61cb576759fa087dc2c83b84ec17b3ff861911fc002de2f033147ff7a1b3f3
spec-markdown/ARVES_OS_Volume_2_UltraCode_Workflow_v1.md	27ccd0cf4400fa2ed7c304bdd4200d9cba89e1a601af58a022548d4bbb8eb1c1
spec-markdown/ARVES_OS_Volume_3_Engineering_Playbook_v1.md	7934a59946285872446a5f2aa2beb74a433d97a0fb91c6f1767589c549c127fb
spec-markdown/ARVES_OS_Volume_4_Implementation_Playbook_v1.md	a7cb62d96407d5550034c1615c2f03abc843aaa785bcc22c81031e45d8a5c941
spec-markdown/ARVES_OS_Volume_5_Distributed_Systems_Playbook_v1.md	de90bcc6a6110e90142bb4826e70dd77f9d14e7cc5df5ca05d542eb70be57e5c
spec-markdown/ARVES_OS_Volume_6_Certification_Review_Manual_v1.md	6b86567544b5a3f2b2d733033f651ee07a2f640f3468c424c13ea422b819ce8b
spec-markdown/ARVES_Reference_Lifecycle_v1.md	2df66bd7232c8bbedd261ff8d970ef8398e5b67bc7c1104547f75fd8663bb195
spec-markdown/ARVES_Scenario_Conformance_Framework_v1.md	a908923f926f74aaae5b91c96b8aa137e71923f69fafce905f05d40356863721
spec-markdown/ARVES_Universal_Cognitive_Ontology_Specification_v1.md	3b438f2bd9efecd77ebb3824696776b5edecb788631c22988bb4b2613ec13c71
spec-markdown/ARVES_Volume_10_Engineering_Bible_v1.md	24c91d2448762b086df056c968bf0814e4ecd1cb9f42f40f9e79d95e6cdd6612
spec-markdown/ARVES_Volume_11_Capability_Atlas_v1.md	1076dd2a3fc999627637c7502be1c5746c0c4fed47193cb393498bfc89cadd3d
spec-markdown/ARVES_Volume_12_Domain_Atlas_v1.md	1135425bfb48d4e9afa90dc2f9ce8646a70c81b5726ca7ed0dd8879d470b0849
spec-markdown/ARVES_Volume_13_Ontology_Knowledge_Atlas_v1.md	b4db127e520d9e47957c6762ecdce929a57dd8c7da123a2ce6d75e126a55ac6d
spec-markdown/ARVES_Volume_14_Agent_Architecture_Atlas_v1.md	36a3623f8182a07bf0d9849d4dfdd94b2834634e4f12ce8195aa7140dd43c0dc
spec-markdown/ARVES_Volume_15_Product_UX_Atlas_v1.md	1c10f08db69ef06042657c1c23d76848ba75032eace241b89150d201ae58492e
spec-markdown/ARVES_Volume_16_Reference_Architecture_Atlas_v1.md	1702aa9c1457edcbea9968925d062f85502f497fc9cbd36548b592f563321f24
spec-markdown/ARVES_Volume_17_Security_Governance_Atlas_v1.md	e4ddddb4ff4af800529ab191ddf52e51cac62e4cd501e6cfb8be3d4e5b41ae02
spec-markdown/ARVES_Volume_18_Deployment_Operations_Atlas_v1.md	775c2338cf04a37afa477f3abad4cb79c22b69e3314e5fbbc893df9216ade0d9
spec-markdown/ARVES_Volume_1_Foundation_Constitution_v2.md	d58f60f936377693adc97b5ccaf5b4ee0f0a4c0844915df24bbcc364e9860508
spec-markdown/ARVES_Volume_2_Tenant_Identity_Constitution_v2.md	79a23d3963d1b78dcd66a64851662daa962478ee0fe5d7298ec4626384264fb4
spec-markdown/ARVES_Volume_3_Information_Core_Bible_v1.md	c6472ae506acc1ead8c2c867923575a6ec643727a3c6f75764a779899403a6d7
spec-markdown/ARVES_Volume_4_Cognitive_Core_Bible_v1.md	dc4374ddfde335571ee9a6a142bcf485602df81b7661135c980c116557216ff8
spec-markdown/ARVES_Volume_5_Strategic_Core_Bible_v1.md	97c534c39b1bc2a5a42aabc9be31b797ad1e18efb7106361dea532534db9931a
spec-markdown/ARVES_Volume_6_Experience_Core_Bible_v1.md	ca17a52d9a1bf7e64cd0b895758716c00c388bea937bcbf1d7938e5672da9b8b
spec-markdown/ARVES_Volume_7_Evolution_Core_Bible_v1.md	54b75d2a9711f489157503cda5ab068598561e2faba06bd04c9a050f63bb4d4a
spec-markdown/ARVES_Volume_8_Embodied_Core_Bible_v1.md	e680acab7b117a234940015af1a149d9360e4d759ca6be88f9aa429652eb2d82
spec-markdown/ARVES_Volume_9_Cognitive_Control_Plane_v2.md	9398b8bdefc9a6d0f9652d2afd0b692087c65a9301ac8dbdf2e6b28f46071a04
spec-markdown/ARVES_Volume_9_Runtime_Event_Fabric_Bible_v1.md	8f137aba86629190c4e6c5c8ff9a6ae223f624eee304a30dc27c6dc54eb33a6d
spec-markdown/README.md	a2cef84d688dfacf753235ff820c46fe98b9c8a799b28c5118bb0e38f0b507ac
standard/README.md	ca64bad49e42d1474d5004bee21162ad533f97e0648bd6bf5cbf9c7459a123bd
standard/RUNTIME_AUTHORS_GUIDE.md	be37ce7374167e9e85d0d84b02a3f81ca45ca03e7b662c59fb7609f77e2f2c97
standard/VERSION	8844413a510d486e7c99e99237453f0e1af944256d3f67200dcb1a8059ef3901
standard/acs/ACS-001_Content_Addressing.md	a5990abedf1d7714ae893d5b67ef8072184595a47dae5cd36f48fed81d83c16d
standard/acs/ACS-002_Canonical_Serialization.md	1f297585d705b056ffda4ece6fcebb9c66ab43ff95438bfb054f055bb609b328
standard/acs/ACS-003_Canonical_Envelope.md	3fd050360427db0a9a149ce4f20cca50479ce61e2d97f9b378b1d831fa8ebe3d
standard/acs/ACS-004_Universal_Type_Registry.md	dddb0a1cc21b1cd3cfdf76fbf227ee59df5e50bfed5d59d7b747167153750eb3
standard/acs/ACS-005_Normative_Language.md	2f5791b2299b36e485ec0d7ff9d594c9a379387a86c75a41a907ec2e2b305639
standard/acs/ACS_Batch_1_Consistency_Report.md	d6e88a88aae5f73c8048df6717fdc4c0b84360a6a35aee0d109463279111928b
standard/acs/CCP-GATE-Ratification-v1.md	a7266a4db4f7e00771e4e6f91de1c266130f03538ee2c5709fca0d475495e142
standard/acs/CCP-GATE-Ratification-v2.md	a16835eb11fde89f9a5d13a31f34f52bf04660175c521440fe0f3d515e98ce6d
standard/acs/CCP-GATE-Ratification-v3.md	cc13ea95beff9172e5406cbac99d8bd962a153848e6906c7f6e7390089bd4c5d
standard/certification/README.md	e1869e65d93f47c33ab4628b5a1192067b507adf83c796ebd999a360b1284b86
standard/conformance/CONFORMANCE.md	253ddd9710ef355c7becc4b01fef3f30e170ccdedd53d6938eeeb2a614b3d069
standard/vectors/acs_golden_vectors.md	0cfe5685e26e29646f5547e5f812fda91dca7c551c0a28e21e334f04e2cb6f3f
standard/vectors/acs_golden_vectors.tsv	89d5bded590455cccd11479100666514ed9d34b07a22718582cb1b20c815b428
standard/vectors/acs_negative_vectors.tsv	fae582aaa87fd277bcc957dabf6d627e42c5fcc49be3601d3bc8ff858b8f8a99
